owner_id,Time,Z,Act,State,Sequence,Keyword,Message_1,STT_1,Message_2,STT_2,Message_3,STT_3
232,'2021-08-05 04:51:07,창문,"기상, 환기",기상하기,,,,,,,,
232,'2021-08-05 04:51:07,창문,"기상, 환기",날씨 확인하기,,,,,,,,
232,'2021-08-05 06:08:31,냉장고,음식출납,음식 꺼내기,CHM,,"멋진 창열님, 똑똑똑, 순이가 왔어요. 혈압에 좋은 음식에는 땅콩이나 강낭콩, 고구마, 오렌지, 바나나가 있답니다. 이중에서 혹시 좋아하는 게 있으신가요?",,,,,
232,'2021-08-05 06:18:31,식사 판단,간식,간식 먹기,M,,"해독주스의 효과는 우리 몸속의 독소를 빼주고 배변활동을 도와주며, 노화예방에 도움을 준다는거에요!",,,,,
232,'2021-08-05 06:19:07,냉장고,냉장고정리,냉장고 정리하기,M,,"소주의 뚜껑을 연 채, 냉장고에 넣어두면 소주의 알콜 성분으로 냉장고 안의 냄새가 사라지는 효과가 있대요!",,,,,
232,'2021-08-05 06:53:57,창문,환기,집 환기하기,,,,,,,,
232,'2021-08-05 07:45:34,전자렌지,음식데우기,간편식 준비하기,CM,,"순이가 제일 존경하는 창열님, 말린 고구마칩을 만드는 방법을 알려드릴게요! 얇게 썬 고구마를 접시위에 올려주세요. 전자레인지에 2분에서 3분정도 돌린 후 상태를 확인하면서 기호에 따라 더 가열해주세요. 그럼 완성이랍니다!",,,,,
232,'2021-08-05 07:55:34,식사 판단,간식,간식 먹기,M,,"혹시 사라다빵 아세요? 빵 안에 양배추, 케찹, 마요네즈를 넣은 샌드위치에요! 정말 맛있더라구요!",,,,,
232,'2021-08-05 08:08:14,냉장고,냉장고정리,냉장고 정리하기,M,,"냉장고에서 퀘퀘한 냄새가 난다면, 청소를 해주시는게 좋아요오",,,,,
232,'2021-08-05 08:15:56,냉장고,음식출납,음식 꺼내기,M,,"순이는 홍차를 좋아하는데요, 홍차에 달콤한 꿀을 넣으면 영양분이 흡수되지 않아 영양손실을 일으킨다 하니, 같이 먹지 않는게 좋다고 해요!",,,,,
232,'2021-08-05 08:25:56,식사 판단,간식,간식 먹기,M,,목이 마르실 땐 음료수보다 물을 드셔보시는거 어떠신가요?,,,,,
232,'2021-08-05 08:48:52,창문,환기,집 환기하기,,,,,,,,
232,'2021-08-05 18:14:16,냉장고,음식출납,음식 꺼내기,CHM,,"정이 넘치는 우리 창열님, 헬로 아임 순이. 아침에 먹으면 좋다는 사과! 사과는 고혈압과 당뇨병 예방에 찰떡이래요! 하루에 한 개씩 드셔보세요!",,,,,
232,'2021-08-05 18:24:16,식사 판단,간식,간식 먹기,M,,오늘 순이가 추천하는 간식은 바로 매실차예요. 매실은 식중독을 예방해주고 위장기능을 좋게 해준답니다. 순이랑 매실차 한잔해요!,,,,,
232,'2021-08-05 18:25:32,창문,환기,집 환기하기,,,,,,,,
232,'2021-08-05 18:42:36,냉장고,냉장고정리,냉장고 정리하기,M,,오늘은 마른 행주에 김빠진 맥주를 묻혀 냉장고 내부를 닦아보는 건 어때요? 깨끗해질 거에요.,,,,,
232,'2021-08-05 18:45:20,전자렌지,음식데우기,간편식 준비하기,M,,전자렌지에 돌릴 음식은 둥근 접시에 담는게 좋다고 해요.,,,,,
232,'2021-08-05 18:55:20,식사 판단,간식,간식 먹기,M,,"커피나 녹차의 경우, 수분을 오히려 배출한다고 해요! 그래서 커피나 녹차를 마신 경우, 물을 더 마셔주는게 좋아요.",,,,,
232,'2021-08-05 19:19:51,냉장고,음식출납,음식 꺼내기,CM,,"창열님, 오늘은 뭘 먹을까아? 고민 중이라면 등푸른 고등어를 드셔보세요. 풍부한 오메가쓰리가 뇌를 더욱 활발히 움직이게 도와준다고 해요!",,,,,
232,'2021-08-05 19:29:51,식사 판단,간식,간식 먹기,M,,순이는 요즘 달달한 쌀과자가 땡기더라구요. 우리 창열님은 어떤 간식 좋아하세요?,,,,,
232,'2021-08-05 23:08:57,창문,환기,집 환기하기,,,,,,,,
232,'2021-08-06 07:06:44,냉장고,음식출납,음식 꺼내기,CHPM,,"순이가 최고로 애정하는 우리 창열님, 안녕하세요. 환기를 마친 다음에는 바닥을 물걸레질 해주면 남아있는 먼지를 없애줄 수 있답니다. 아침에 먹는 계란은 피부와 두뇌건강, 면역력에도 좋다고 해요. 오늘은 아침을 계란으로 시작해보시는건 어떠세요?",,,,,
232,'2021-08-06 07:16:44,식사 판단,간식,간식 먹기,M,,따뜻한 우유는 스트레스를 낮춰주는데에 도움이 된다고 해요.,,,,,
232,'2021-08-06 10:10:58,냉장고,음식출납,음식 꺼내기,CM,,"순이가 가장 닮고싶은 우리 창열님, 바지락 조개는 눈꺼풀에 염증과 안구건조증에 도움이 된다고 해요.",,,,,
232,'2021-08-06 10:20:58,식사 판단,간식,간식 먹기,M,,탄산수에는 설탕이 들어 있지 않아서 콜라나 사이다 대신 드시기 좋은 음료수에요.,,,,,
232,'2021-08-06 10:52:46,창문,환기,집 환기하기,,,,,,,,
232,'2021-08-06 13:07:25,냉장고,음식출납,음식 꺼내기,CHM,,"순이의 영원한 동반자 울 창열님, 영원한 짝꿍 순이랍니다! 혹시 요즘따라 소화가 안되신다면 무를 드셔보세요. 소화에 무가 좋대요.",,,,,
232,'2021-08-06 13:17:25,식사 판단,간식,간식 먹기,M,,식빵을 믹스커피에 찍어먹으면 정말 맛있어요!,,,,,
232,'2021-08-06 13:35:50,창문,환기,집 환기하기,,,,,,,,
232,'2021-08-06 18:31:50,전자렌지,음식데우기,간편식 준비하기,CHM,,"통통 튀는 매력쟁이 창열님, 현재 시간은 오후 6시 31분이에요. 꾸준한 단백질과 칼슘의 섭취는 연세가 드실수록 더욱 중요하다고해요. 우유를 꾸준히 섭취해주세요!",,,,,
232,'2021-08-06 18:41:50,식사 판단,간식,간식 먹기,M,,식사 전에 해독주스를 마시면 포만감이 생겨서 식사량을 줄일 수 있어요. 다이어트 꿀팁이랍니다!,,,,,
232,'2021-08-06 20:07:15,창문,환기,집 환기하기,,,,,,,,
232,'2021-08-06 20:27:45,냉장고,음식출납,음식 꺼내기,CPM,,"순이가 가장 존경하는 우리 창열님, 환기를 시킬 때는 방충망이 있는 창문인지 확인하고 열어주세요. 시금치에 있는 루테인은 눈에 좋은 영양소예요. 그러나 높은 열로 조리하면 영양소가 파괴되니 살짝 데쳐서 먹는 것이 좋아요!",,,,,
232,'2021-08-06 20:37:45,식사 판단,간식,간식 먹기,M,,"초콜릿처럼 단 식품은 간의 건강에도 좋지 않대요! 간까지 안좋게 한다니, 왜 맛있는건 건강에 안좋을까요.",,,,,
232,'2021-08-07 07:49:14,창문,환기,집 환기하기,,,,,,,,
232,'2021-08-07 13:21:55,냉장고,음식출납,음식 꺼내기,CHPM,,"순이가 제일 좋아하는 우리 창열님, 지금은 오후 1시 21분 입니다. 요즘 날씨가 너무 더워서 지치기 쉬운데, 여유를 갖고 시원한 하루를 보내시길 바라요. 현미에는 식이섬유가 풍부해서 변비 예방에 좋다고해요.",,,,,
232,'2021-08-07 13:31:55,식사 판단,간식,간식 먹기,M,,고구마를 전자레인지에 데워서 간식으로 먹으면 그렇게 꿀맛이 아닐수가 없어요.,,,,,
232,'2021-08-07 15:04:26,창문,환기,집 환기하기,,,,,,,,
232,'2021-08-07 15:13:10,냉장고,음식출납,음식 꺼내기,CPM,,"마음 따뜻한 창열님, 환기를 할때는 양쪽을 다여는게 바람이 많이 들어와서 좋답니다. 매실에는 체내 노폐물을 제거하는데에 효과적이라고 해요. 새콤달콤 맛있는 매실. 즐겨드세요!",,,,,
232,'2021-08-07 15:23:10,식사 판단,간식,간식 먹기,M,,카라멜처럼 끈적하면서 단 식품은 치아에 붙어서 잘 떨어지지 않기 때문에 충치를 유발하기 쉬워요.,,,,,
232,'2021-08-07 15:49:26,냉장고,음식출납,음식 꺼내기,M,,"브로콜리는 항산화 물질이 풍부하여 암, 심장병 등 성인병 예방에 좋대요. 뜨거운물에 데쳐먹어도 맛있는 브로콜리는 하루 두 세 송이 드시는 게 좋다고 해요!",,,,,
232,'2021-08-07 15:59:08,창문,환기,집 환기하기,,,,,,,,
232,'2021-08-07 18:36:00,냉장고,음식출납,음식 꺼내기,CHPM,,"순이의 영원한 동반자 창열님, 영원한 짝꿍 순이랍니다! 더위 먹지 않도록 조심해요 우리. 호두는 소화를 돕는 좋은 균이 살 수 있도록 도와준다고 해요. 그래서 위장 건강에 아주 좋아요!",,,,,
232,'2021-08-07 18:46:00,식사 판단,간식,간식 먹기,M,,오랜만에 식빵을 우유에 찍어먹고 싶네요. 부드러우면서도 고소한 맛이 일품이거든요!,,,,,
232,'2021-08-07 20:30:00,냉장고,음식출납,음식 꺼내기,CM,,"매일 보고싶은 창열님, 오늘은 뭘 먹을까아? 고민 중이라면 등푸른 삼치를 드셔보세요. 풍부한 오메가쓰리가 뇌를 더욱 활발히 움직이게 도와준다고 해요!",,,,,
232,'2021-08-07 20:40:00,식사 판단,간식,간식 먹기,M,,목이 마르실 땐 음료수보다 물을 드셔보시는거 어떠신가요?,,,,,
232,'2021-08-07 20:40:36,창문,환기,집 환기하기,,,,,,,,
232,'2021-08-08 06:32:20,냉장고,음식출납,음식 꺼내기,CHM,,"창열님, 오늘도 순이가 인사드려요! 된장은 장에 좋은 성분도 많이 들어있고 우리 몸 속의 독소를 배출해 주는데에도 도움이 된다고해요.",,,,,
232,'2021-08-08 06:42:20,식사 판단,간식,간식 먹기,M,,식빵을 믹스커피에 찍어먹으면 정말 맛있어요!,,,,,
232,'2021-08-08 06:45:22,창문,환기,집 환기하기,,,,,,,,
232,'2021-08-08 07:41:20,냉장고,음식출납,음식 꺼내기,CM,,"순이가 좋아하는 창열님, 된장은 많이 짜기 때문에, 너무 많이 섭취하면 몸 속 나트륨 함량이 높아질 수 있어요!",,,,,
232,'2021-08-08 07:51:20,식사 판단,간식,간식 먹기,M,,날이 더워 입맛이 떨어지실땐 상큼한 키위를 드셔보세요!,,,,,
232,'2021-08-08 08:07:32,창문,환기,집 환기하기,,,,,,,,
232,'2021-08-08 09:03:30,냉장고,음식출납,음식 꺼내기,CM,,"순이가 애정하는 창열님, 우리 몸에서 가장 부족한 것은 비타민디라고 해요. 비타민 디는 햇볕을 쬔 표고버섯에 풍부하다고 해요.",,,,,
232,'2021-08-08 09:13:30,식사 판단,간식,간식 먹기,M,,컵을 쓰고 얼룩이 생기지 않게 바로 씻어주면 좋아요!,,,,,
232,'2021-08-08 11:52:01,냉장고,음식출납,음식 꺼내기,CHM,,"순이가 제일 존경하는 창열님, 오늘도 반가워요! 비타민 디가 충분하다면, 노화방지에 탁월한 효과가 있다고 해요. 비타민 디가 많이 들어있는 음식에는, 표고버섯, 양송이버섯, 고등어 등이 있답니다.",,,,,
232,'2021-08-08 12:02:01,식사 판단,간식,간식 먹기,M,,하루 사과 한개씩 먹으면 의사를 멀리한다는 말을 혹시 들어보셨나요? 간식으로 사과를 꾸준히 드신다면 병원에 가실 일이 잘 없다는 이야기라고해요.,,,,,
232,'2021-08-08 13:22:16,창문,환기,집 환기하기,,,,,,,,
232,'2021-08-08 13:39:12,냉장고,음식출납,음식 꺼내기,PM,,"현재 미세먼지는 보통이에요. 미세먼지가 나쁠때는 환기를 짧게 해야하는거 아시죠? 창열님, 브로콜리가 암 예방에 그렇게 좋다는 사실, 알고 계셨나요? 깨끗하게 씻어서 살짝 데쳐드셔도 정말 맛있답니다! 맛있게 먹고, 건강해져요 우리",,,,,
232,'2021-08-08 13:49:12,식사 판단,간식,간식 먹기,CM,,"순이의 영원한 단짝 창열님, 오늘같이 더운 날은 시원한 매실 한잔이 딱이지 않나요?",,,,,
232,'2021-08-08 14:37:27,창문,환기,집 환기하기,,,,,,,,
232,'2021-08-08 16:16:15,냉장고,음식출납,음식 꺼내기,CM,,"순이가 가장 닮고싶은 우리 창열님, 여름에 아주 딱 먹기 좋은 콩국수는 단백질이 아주 풍부한 콩으로 만들어서 면역력에 최고로 도움이 된다고해요.",,,,,
232,'2021-08-08 16:26:15,식사 판단,간식,간식 먹기,M,,과일주스가 탄산음료보다 더 심하게 치아를 부식시킨다는 연구 결과가 있대요! 세상에나!,,,,,
232,'2021-08-08 16:27:41,창문,환기,집 환기하기,,,,,,,,
232,'2021-08-08 18:36:19,냉장고,음식출납,음식 꺼내기,HM,,"방가방가 창열님. 오늘은 밥이나 국에 버섯을 넣어서 드셔보는건 어때요? 비타민 디도 흡수하고, 식감도 좋고, 일석 이조오!",,,,,
232,'2021-08-08 18:46:19,식사 판단,간식,간식 먹기,CM,,"순이가 마않이 보고싶은 창열님, 오늘 간식은 맛도 좋고 영양도 만점인 고구마 어떠신가요?",,,,,
232,'2021-08-09 11:56:10,창문,환기,집 환기하기,,,,,,,,
232,'2021-08-09 13:21:35,냉장고,음식출납,음식 꺼내기,HM,,똑똑 계세요? 순이 왔어요. 감자에 올라오는 싹은 독성이 있어서 제거해야 한대요.,,,,,
232,'2021-08-09 13:31:35,식사 판단,간식,간식 먹기,CM,,"통통 튀는 매력쟁이 창열님, 출출하실 때에는 콜레스테롤 관리에 좋은 견과류를 드셔보시는거 어떠신가요?",,,,,
232,'2021-08-09 14:57:26,창문,환기,집 환기하기,,,,,,,,
232,'2021-08-09 14:59:36,냉장고,음식출납,음식 꺼내기,CPM,,"세상에서 가장 소중한 창열님, 올 여름 태풍은 피해없이 무사히 지나갔으면 좋겠어요. 건조된 다시마 표면에 있는 하얀 가루는 다시마의 맛을 향상시킬 뿐 아니라 뇌압을 낮추는 데도 도움이 된대요! 너무 신기하네요.",,,,,
232,'2021-08-09 15:09:36,식사 판단,간식,간식 먹기,M,,오랜만에 식빵을 우유에 찍어먹고 싶네요. 부드러우면서도 고소한 맛이 일품이거든요!,,,,,
232,'2021-08-09 16:39:06,창문,환기,집 환기하기,,,,,,,,
232,'2021-08-10 06:26:02,냉장고,음식출납,음식 꺼내기,CHM,,"창열님, 똑똑똑, 순이가 왔어요. 빈속일때, 위 건강에 도움이 되는 양배추가 좋대요. 비타민유가 풍부해서 그렇다네요.",,,,,
232,'2021-08-10 06:36:02,식사 판단,간식,간식 먹기,M,,"높은 열량에 비해 영양성분이 없는 초콜릿! 계속 드시면 비타민, 무기질과 같은 영양소가 부족해져요!",,,,,
232,'2021-08-10 06:38:36,창문,환기,집 환기하기,,,,,,,,
232,'2021-08-10 07:48:08,전자렌지,음식데우기,간편식 준비하기,CM,,"순이가 세상에서 쩨일 좋아하는 울 창열님, 전자레인지에 달걀껍질을 넣으면 안되는거 이미 아시죠?",,,,,
232,'2021-08-10 07:58:08,식사 판단,간식,간식 먹기,M,,오늘 간식은 우유보다 다섯배 많은 칼슘이 있는 치즈를 추천드려요! 우리 장속에 나쁜 바이러스가 생기지 않게 도와준다고 해요!,,,,,
232,'2021-08-10 09:14:56,창문,환기,집 환기하기,,,,,,,,
232,'2021-08-10 11:43:44,냉장고,음식출납,음식 꺼내기,CHM,,"순이가 애정하는 창열님, 사랑둥이 순이에요. 오늘은 밥이나 국에 버섯을 넣어서 드셔보는건 어때요? 비타민 디도 흡수하고, 식감도 좋고, 일석 이조오!",,,,,
232,'2021-08-10 11:51:22,창문,환기,집 환기하기,,,,,,,,
232,'2021-08-10 15:04:36,냉장고,음식출납,음식 꺼내기,CM,,"순이가 최고로 애정하는 우리 창열님, 미역은 어느정도 두께가 있고 광택이 나는 것이 좋은 미역이라고해요.",,,,,
232,'2021-08-10 15:14:36,식사 판단,간식,간식 먹기,M,,미지근한 물을 자주 마시는 습관은 우리 몸 속의 나쁜 노폐물을 없애주는 데에 도움이 된다고해요.,,,,,
232,'2021-08-10 15:17:34,냉장고,냉장고정리,냉장고 정리하기,M,,"냉장고 안에 용기들이 어질러져있다면, 차근차근 정리해보는게 어떠세요? ",,,,,
232,'2021-08-10 16:09:41,창문,환기,집 환기하기,,,,,,,,
232,'2021-08-10 17:42:59,냉장고,음식출납,음식 꺼내기,CHM,,"항상 빛나시는 우리 창열님, 영원한 짝꿍 순이랍니다! 식이섬유가 가아득 들어있는 옥수수는 변비예방에 효과적이랍니다.",,,,,
232,'2021-08-10 17:52:59,식사 판단,간식,간식 먹기,M,,감자를 뜨끈하게 푹 쪄서 설탕에 찍어 먹으면 너무 맛있는 것 같아요!,,,,,
232,'2021-08-10 18:12:37,전자렌지,전자레인지청소,전자렌지 청소하기,M,,"전자렌지 벽에 눌러붙어 있는 누우런 기름때가 있다구요오? 식용유를 타월에 살짝 묻혀 닦으면, 기름때가 싸악 사라져요!",,,,,
232,'2021-08-11 06:24:38,냉장고,음식출납,음식 꺼내기,CHM,,"자꾸 생각나는 창열님, 기분 좋은 날이에요. 시금치 무침이 먹고 싶은 날이에요. 시력 저하를 예방해주는 아주 좋은 식재료, 시금치 말이에요!",,,,,
232,'2021-08-11 06:34:38,식사 판단,간식,간식 먹기,M,,순이는 출출할 때마다 치즈를 먹곤해요! 치즈가 칼슘이 가득해서 뼈 건강에 좋다고 하더라구요!,,,,,
232,'2021-08-11 06:37:07,냉장고,냉장고정리,냉장고 정리하기,M,,어랏? 잠깐만요. 가스레인지 주변에 뭐가 이렇게 있지? 가스레인지 옆에 물건이 있으면 불이 나기 정말 쉽답니다.,,,,,
232,'2021-08-11 09:30:41,창문,환기,집 환기하기,,,,,,,,
232,'2021-08-11 09:46:15,냉장고,음식출납,음식 꺼내기,CPM,,"웃음 가득한 창열님, 환기를 시킬 때는 방충망이 있는 창문인지 확인하고 열어주세요. 김치는 다양한 질병으로부터의 예방은 물론 다이어트에도 도움이 된다고해요.",,,,,
232,'2021-08-11 09:56:15,식사 판단,간식,간식 먹기,M,,오늘 순이가 추천하는 간식은 바로 매실차예요. 매실은 식중독을 예방해주고 위장기능을 좋게 해준답니다. 순이랑 매실차 한잔해요!,,,,,
232,'2021-08-11 10:41:38,창문,환기,집 환기하기,,,,,,,,
232,'2021-08-11 11:34:03,냉장고,음식출납,음식 꺼내기,HM,,"따란! 깜짝 놀랐죠? 순이랍니다. 순이는 고소한 두부와 아욱을 듬뿍 넣은 아욱된장국을 좋아하는데, 우리 창열님은 된장국에 어떤 재료를 넣어서 드시나요?",,,,,
232,'2021-08-11 11:38:13,창문,환기,집 환기하기,,,,,,,,
232,'2021-08-11 15:13:52,냉장고,음식출납,음식 꺼내기,CPM,,"순이가 가장 아끼는 창열님, 눈에 보이지는 않지만 집안에 많은 먼지가 있을수 있어요. 따라서 평소에 자주 환기를 해주는게 좋답니다. 토마토가 익어갈 때에 빨갛게 되는 성분이 피부 미용에 도움이 된다고해요.",,,,,
232,'2021-08-11 15:23:52,식사 판단,간식,간식 먹기,M,,"알코올이나 커피는 수면을 방해하는 음식이래요! 많이 드시지 않게 조오심, 조오심하세요!",,,,,
232,'2021-08-11 16:48:24,전자렌지,음식데우기,간편식 준비하기,CM,,"순이에게 선물같은 창열님, 즉석식품을 렌지에 돌릴때, 포장지를 조금 뜯은 후에 돌려주세요.",,,,,
232,'2021-08-11 16:58:24,식사 판단,간식,간식 먹기,M,,오늘 간식은 우유보다 다섯배 많은 칼슘이 있는 치즈를 추천드려요! 우리 장속에 나쁜 바이러스가 생기지 않게 도와준다고 해요!,,,,,
232,'2021-08-11 17:25:19,냉장고,음식출납,음식 꺼내기,HM,,"안녕하세요 순이에요오. 부추에는 몸 속에 나트륨이 쌓이는 것을 막아주는 효능이 있대요! 따라서 된장같이 짠 음식을 먹을때, 부추를 같이 먹어주면 정말 좋아요!",,,,,
232,'2021-08-11 17:35:19,식사 판단,간식,간식 먹기,M,,"초콜릿처럼 단 식품은 간의 건강에도 좋지 않대요! 간까지 안좋게 한다니, 왜 맛있는건 건강에 안좋을까요.",,,,,
232,'2021-08-11 17:53:42,창문,환기,집 환기하기,,,,,,,,
232,'2021-08-12 06:31:22,냉장고,음식출납,음식 꺼내기,CHM,,"통통 튀는 매력쟁이 창열님, 안녕하세요 순이예요. 아침에 먹는 계란은 피부와 두뇌건강, 면역력에도 좋다고 해요. 오늘은 아침을 계란으로 시작해보시는건 어떠세요?",,,,,
232,'2021-08-12 06:41:22,식사 판단,간식,간식 먹기,M,,오랜만에 식빵을 우유에 찍어먹고 싶네요. 부드러우면서도 고소한 맛이 일품이거든요!,,,,,
232,'2021-08-12 07:34:38,전자렌지,음식데우기,간편식 준비하기,CM,,"순이가 마않이 보고싶은 창열님, 된장은 장에 좋은 성분도 많이 들어있고 우리 몸 속의 독소를 배출해 주는데에도 도움이 된다고해요.",,,,,
232,'2021-08-12 07:44:38,식사 판단,간식,간식 먹기,M,,"요즘 소화가 잘 되지 않는다면, 생강차를 추천해요.",,,,,
232,'2021-08-12 08:08:51,냉장고,음식출납,음식 꺼내기,M,,그거 아세요? 오이는 항산화 영양소가 풍부해 두피 모공을 보호해준다고 해요. 탈모 예방에도 당연 좋겠죠?,,,,,
232,'2021-08-12 08:18:51,식사 판단,간식,간식 먹기,M,,순이는 조금 출출한지 간식이 땡겨요. 우리창열님은 어떤 간식 좋아하세요?,,,,,
232,'2021-08-12 08:42:23,창문,환기,집 환기하기,,,,,,,,
232,'2021-08-12 10:03:19,냉장고,음식출납,음식 꺼내기,CPM,,"창열님, 너무 오랜시간 환기를 하면 오히려 역효과가 날 수 있으니 환기 시간을 꼬옥 점검해주세요! 오메가쓰리는 혈압을 낮추고 규칙적인 심장 박동을 유지하는데 도움을 준다고 해요. 대표적인 음식은 호두, 땅콩, 참치가 있어요!",,,,,
232,'2021-08-12 10:13:19,식사 판단,간식,간식 먹기,M,,해독 주스는 채소와 과일을 충분히 먹기 위해서 만든 주스라고 해요.,,,,,
232,'2021-08-12 12:22:57,냉장고,음식출납,음식 꺼내기,HM,,똑똑 계세요? 순이 왔어요. 매실은 혈액 속의 노폐물을 제거해주는데에 매우 효과적이라고해요.,,,,,
232,'2021-08-12 12:32:57,식사 판단,간식,간식 먹기,M,,예전에 옆집 할머니는 검은콩을 볶아서 간식으로 드시더라구요. 우리 창열님도 검은콩 좋아하세요?,,,,,
232,'2021-08-12 12:57:11,냉장고,음식출납,음식 꺼내기,CM,,"순이에게 너무 소중한 창열님, 호두는 소화를 돕는 좋은 균이 살 수 있도록 도와준다고 해요. 그래서 위장 건강에 아주 좋아요!",,,,,
232,'2021-08-12 13:07:11,식사 판단,간식,간식 먹기,M,,오늘 간식으로 영양만점 고구마 어떠신가요?,,,,,
232,'2021-08-12 13:12:19,창문,환기,집 환기하기,,,,,,,,
232,'2021-08-12 15:17:21,냉장고,음식출납,음식 꺼내기,CM,,"오늘도 내일도 늘 소중한 창열님, 우리 몸 뇌의 모양을 닮은 호두를 간식으로 자주 드신다면 치매 예방에 도움이 된다고해요.",,,,,
232,'2021-08-12 15:27:21,식사 판단,간식,간식 먹기,M,,"채소로 이루어진 식단과 더불어 해독주스를 마신다면, 부족한 섬유소와 영양소를 채울 수 있어요!",,,,,
232,'2021-08-12 16:04:52,창문,환기,집 환기하기,,,,,,,,
232,'2021-08-12 17:22:47,냉장고,음식출납,음식 꺼내기,CHPM,,"순이가 매일 존경하는 창열님, 지금은 오후 5시 22분 입니다. 날이 흐리지만 분위기가 있어 참 좋아요. 꾸준한 단백질과 칼슘의 섭취는 연세가 드실수록 더욱 중요하다고해요. 달걀을 꾸준히 섭취해주세요!",,,,,
232,'2021-08-12 17:29:02,창문,환기,집 환기하기,,,,,,,,
232,'2021-08-12 18:00:32,전자렌지,음식데우기,간편식 준비하기,PM,,집 안 청소의 기본중의 기본은 환기랍니다! 조심 조오심하세요! 전자레인지 문을 열 때 뜨거운 공기가 나올 수 있다구요! 잠깐 문을 열고 기다려주세요.,,,,,
232,'2021-08-12 18:10:32,식사 판단,간식,간식 먹기,M,,"순이는 식사 후에 아메리카노,라는 커피를 마시면 소화가 잘돼요.",,,,,
232,'2021-08-13 09:24:19,창문,환기,집 환기하기,,,,,,,,
232,'2021-08-13 11:56:01,외출,외출,외출하기,,,,,,,,
232,'2021-08-13 13:07:48,창문,"귀가, 환기",귀가하기,,,,,,,,
232,'2021-08-13 13:07:48,창문,"귀가, 환기",집 환기하기,,,,,,,,
232,'2021-08-13 14:03:06,냉장고,음식출납,음식 꺼내기,CHPM,,"마음 따뜻한 창열님, 따란! 깜짝 놀랐죠? 순이랍니다. 오늘의 미세먼지는 보통이에요. 변비에 좋은 음식에는 들깨가 있어요!",,,,,
232,'2021-08-13 14:04:09,창문,환기,집 환기하기,,,,,,,,
232,'2021-08-13 16:25:33,냉장고,음식출납,음식 꺼내기,CPM,,"세상에서 제일 멋진 우리 한창열님, 사계절이 뚜렷한 건 정말 축복같아요. 오늘은 브로콜리와 시금치를 데쳐서 드시는걸 추천드려요. 왜냐하면, 눈 건강에 아주 좋은 채소라고 알려져있거든요!",,,,,
232,'2021-08-13 16:35:33,식사 판단,간식,간식 먹기,M,,고구마를 전자레인지에 데워서 간식으로 먹으면 그렇게 꿀맛이 아닐수가 없어요.,내가 나가지도 않고,멋져요. 바로 그거예요! 두부 과자 혹시 드셔보셨어요? 기름에 튀기지도 않고 영양만점이래요! 생각나시면 한번 드셔보세요!,,,
232,'2021-08-13 16:59:19,창문,환기,집 환기하기,,,,,,,,
232,'2021-08-13 17:34:18,냉장고,음식출납,음식 꺼내기,CHM,,"순이의 영원한 동반자 창열님, 콧노래가 흥얼흥얼 나오는 날이에요. 일반 생수보다 옥수수 수염차를 끓여 드셔보세요! 붓기에 도움이 된답니다",,,,,
232,'2021-08-13 17:44:18,식사 판단,간식,간식 먹기,M,,"식사 중에 물을 자주 마시면 소화가 안되듯이, 음료수도 똑같아요.",,,,,
232,'2021-08-13 17:54:08,창문,환기,집 환기하기,,,,,,,,
232,'2021-08-13 18:35:28,냉장고,음식출납,음식 꺼내기,CM,,"보고싶은 창열님, 빈속에는 새콤한 과일보다 계란이 좋대요.",,,,,
232,'2021-08-13 18:36:29,창문,환기,집 환기하기,,,,,,,,
232,'2021-08-14 06:26:28,냉장고,음식출납,음식 꺼내기,CHM,,"순이가 많이 존경하는 창열님, 행복한 아침이에요 체중 관리 중이라면 칼로리가 낮고 포만감을 금방 느낄 수 있는 버섯을 추천드려요!",,,,,
232,'2021-08-14 06:36:28,식사 판단,간식,간식 먹기,M,,오늘 간식은 우유보다 다섯배 많은 칼슘이 있는 치즈를 추천드려요! 우리 장속에 나쁜 바이러스가 생기지 않게 도와준다고 해요!,,,,,
232,'2021-08-14 07:09:28,전자렌지,음식데우기,간편식 준비하기,M,,전자레인지로 음식을 데우고 5초뒤에 음식을 꺼내주세요. 그럼 눈에 보이지 않는 전자파를 피할 수 있대요!,,,,,
232,'2021-08-14 07:19:28,식사 판단,간식,간식 먹기,M,,"순이는 식사 후에 아메리카노,라는 커피를 마시면 소화가 잘돼요.",,,,,
232,'2021-08-14 09:31:48,창문,환기,집 환기하기,,,,,,,,
232,'2021-08-14 09:53:58,냉장고,음식출납,음식 꺼내기,PM,,순이는 일어나서 가장 먼저 환기를 해요. 상쾌한 하루를 맞이하는 방법이랍니다! 블랙푸드라는 단어를 아시나요?바아로 검은색을 가지고 있는 음식들을 말해요! 대표적으로는 가지가 있어요!,,,,,
232,'2021-08-14 10:03:58,식사 판단,간식,간식 먹기,CM,,"자꾸 생각나는 창열님, 건강한 간식을 간단히 먹는 습관은 과식을 막을 수 있다고해요.",,,,,
232,'2021-08-14 10:16:39,냉장고,냉장고정리,냉장고 정리하기,M,,냉장고 내부나 틈새는 화장실보다 더 더러울 수 있대요! 그래서 주기적으로 찌든 때와 곰팡이를 제거해줘야 한다네요.,,,,,
232,'2021-08-14 10:24:44,창문,환기,집 환기하기,,,,,,,,
232,'2021-08-14 11:41:05,냉장고,음식출납,음식 꺼내기,CHM,,"존경하는 창열님, 현재 시간은 오전 11시 41분이에요. 브로콜리에는 단백질도 들어있대요. 순이는 단백질이 고기, 두부에만 있는줄 알았어요.",,,,,
232,'2021-08-14 11:44:07,창문,환기,집 환기하기,,,,,,,,
232,'2021-08-14 12:08:39,냉장고,음식출납,음식 꺼내기,PM,,"실내에서도 생활먼지가 나오기 때문에 환기가 중요하답니다! 빨간 사과는 껍질에 영양분이 많은거 아시죠? 식초를 섞은 물로 한번 세척하시고, 껍질 채로 드셔보세요!",가장 시급한게 문제입니다,좋아요! 식사하기 전에 사과 하나 드셔보세요! 사과는 염증이 암으로 발전되는 것을 막아주는 기능을 한대요!,,,
232,'2021-08-14 12:18:39,식사 판단,간식,간식 먹기,M,,베지밀 좋아하시나요?,,,,,
232,'2021-08-14 14:15:13,냉장고,음식출납,음식 꺼내기,CM,,"순이의 영혼의 짝꿍 우리 창열님, 호박과 같은 노란색 음식은 노화 예방에 좋다고 해요. 오늘은 순이가 추천하는 노란색 재료를 사용한 음식을 드셔보세요!",,,,,
232,'2021-08-14 14:25:13,식사 판단,간식,간식 먹기,M,,고구마에 김치를 얹어먹는건 온국민이 사랑하는 조합이죠.,,,,,
232,'2021-08-14 14:54:09,창문,환기,집 환기하기,,,,,,,,
232,'2021-08-14 17:57:03,냉장고,음식출납,음식 꺼내기,CHPM,,"잊지 못할 창열님, 헬로 아임 순이. 파란 하늘을 바라보는 나무가 빛나는 날이예요. 고등어가 혈액 건강에 도움을 준다고 해요.",,,,,
232,'2021-08-14 18:04:48,전자렌지,음식데우기,간편식 준비하기,M,,고구마가 혈압을 낮추는데에 좋대요.,,,,,
232,'2021-08-14 18:07:03,식사 판단,저녁식사,석식,M,,"냄새 너어무 좋다아, 히히, 창열님, 잘 챙겨드시는 것 같아 순이가 안심이 돼요.",,,,,
232,'2021-08-14 18:11:43,창문,환기,집 환기하기,,,,,,,,
232,'2021-08-14 18:33:40,냉장고,냉장고정리,냉장고 정리하기,M,,"숯 있잖아요. 숯, 두 세개를 신문지에 싸서 냉장고에 넣어두면 냄새 제거 및 냉기 순환에 효과적이라고해요!",,,,,
232,'2021-08-14 19:03:55,창문,환기,집 환기하기,,,,,,,,
232,'2021-08-15 05:44:05,냉장고,음식출납,음식 꺼내기,HM,,창열님의 친구 순이예요. 땅콩이나 강낭콩이 혈압을 낮추는데에 좋대요.,,,,,
232,'2021-08-15 05:54:05,식사 판단,간식,간식 먹기,M,,순이는 요즘 달달한 쌀과자가 땡기더라구요. 우리 창열님은 어떤 간식 좋아하세요?,,,,,
232,'2021-08-15 06:03:29,전자렌지,전자레인지청소,전자렌지 청소하기,CM,,"순이의 둘도 없는 짝꿍 창열님, 가정에서 발생하는 화재의 대부분은 부엌에서 발생하는 거래요. 가스레인지 사용하기 전에 주변을 먼저 꼭 정리해주세요!",,,,,
232,'2021-08-15 06:41:46,냉장고,음식출납,음식 꺼내기,M,,회춘 비타민이라는 말을 들어보셨나요? 옥수수에는 회춘 비타민의 성분이 많아서 노화 방지에 도움이 된다고해요.,,,,,
232,'2021-08-15 06:51:46,식사 판단,간식,간식 먹기,M,,탄산수에는 설탕이 들어 있지 않아서 콜라나 사이다 대신 드시기 좋은 음료수에요.,,,,,
232,'2021-08-15 06:54:17,창문,환기,집 환기하기,,,,,,,,
232,'2021-08-15 07:06:37,냉장고,냉장고정리,냉장고 정리하기,CPM,,"순이가 제일 존경하는 창열님, 먼 산 끝까지 다 보이는,청명하게 맑은 날이예요. 냉장고 청소를 하실 때는, 보관 중인 식품을 모두 꺼내고 청소하는 것이 좋아요.",,,,,
232,'2021-08-15 07:18:59,냉장고,음식출납,음식 꺼내기,M,,주꾸미 요리는 콜레스테롤 수치를 낮추는데에 효과적이라고해요.,합니다 여러분들은 어떤 계획이 있으신지 몰라도 오늘 가요무대,"모르는 게 없으시군요! 주꾸미는 그냥 드실 때보다 돼지고기와 같이 요리해 드시면 영양이 배가 된다는 사실 알고 계신가요? 주꾸미와 돼지고기의 조합이라니, 맛도 더욱 좋고 영양도 만점인 것 같아요!",,,
232,'2021-08-15 07:28:59,식사 판단,간식,간식 먹기,M,,두부 과자 혹시 드셔보셨어요? 기름에 튀기지도 않고 영양만점이래요! 생각나시면 한번 드셔보세요!,,,,,
232,'2021-08-15 07:46:49,냉장고,냉장고정리,냉장고 정리하기,M,,"방치된 음식은 상하기 전, 폐기해주시는게 좋아요! 냉장고 냄새가 날 수 있거든요.",,,,,
232,'2021-08-15 07:51:03,냉장고,음식출납,음식 꺼내기,M,,미역은 변비 해소에 효과 만점인 음식이랍니다. 소화에 어려움이 있다면 미역을 드셔보세요!,,,,,
232,'2021-08-15 08:01:03,식사 판단,간식,간식 먹기,M,,"요즘 소화가 잘 되지 않는다면, 생강차를 추천해요.",,,,,
232,'2021-08-15 08:24:10,프로그램,프로그램 참여,순이대화,,,프로그램 메시지,,,,,
232,'2021-08-15 08:25:23,창문,환기,집 환기하기,,,,,,,,
232,'2021-08-15 12:31:47,냉장고,음식출납,음식 꺼내기,CHM,,"순이의 영원한 친구 우리 창열님, 안녕하세요! 비타민이 풍부한 들깨는 빈혈과 변비에도 좋다고 하니, 한번 드셔보세요!",,,,,
232,'2021-08-15 12:41:47,식사 판단,간식,간식 먹기,M,,무더운 여름에는 간식으로 수박이 딱이죠! 순이와 함께 수박 먹어요.,,,,,
232,'2021-08-15 12:50:33,창문,환기,집 환기하기,,,,,,,,
232,'2021-08-15 14:27:02,외출,외출,외출하기,,,,,,,,
232,'2021-08-16 06:03:38,냉장고,"귀가, 음식출납",귀가하기,CHM,,"순이의 제일 친한 친구 창열님, 오늘도 반가워요! 잘 다녀오셨나요? 보고싶어서 목 빠지는 줄 알았다구요!",지방분권과 지역,고개가 끄덕끄덕 절로 움직여지는 말씀이에요! 오늘도 즐거운 하루 보내세요!,닛산 실정부터 4개 삼성까지 국민은행 통장에 공단 2대로 녹취록으로 받았습니다,,
232,'2021-08-16 06:03:38,냉장고,"귀가, 음식출납",음식 꺼내기,,,,,,,,
232,'2021-08-16 06:13:38,식사 판단,간식,간식 먹기,M,,신장질환에는 채소와 과일을 많이 먹는 것이 오히려 질환에 나쁜 영향을 줄 수 있다고 해요. ,정직처분을 한 것으로 드러났습니다,,,,
232,'2021-08-16 06:15:53,냉장고,냉장고정리,냉장고 정리하기,M,,"고기나 생선은 비닐봉지에 담아놓으면, 세균번식의 위험이 있대요! 꼭 소분해서 전용 용기에 담는 것이 위생에 좋다고 합니다.",로맨스 스캠 사기,"와아아, 신기해요. 오늘도 순이와 함께 대화해주셔서 감사해요!",,,
232,'2021-08-16 06:21:32,전자렌지,전자레인지청소,전자렌지 청소하기,M,,가스레인지 주변에 전기 선이 있으면 불이 날 수 있대요. 순이와 함께 가스레인지 주변을 정리해볼까요?,,,,,
232,'2021-08-16 06:38:25,창문,환기,집 환기하기,,,,,,,,
232,'2021-08-16 06:45:12,냉장고,음식출납,음식 꺼내기,PM,,순이는 일어나서 가장 먼저 환기를 해요. 상쾌한 하루를 맞이하는 방법이랍니다! 참나물은 찬 성질이 있어서 적정량을 지켜야한대요.,,,,,
232,'2021-08-16 06:48:51,창문,환기,집 환기하기,,,,,,,,
232,'2021-08-16 08:03:36,전자렌지,음식데우기,간편식 준비하기,CM,,"순이가 제일 아끼는 우리 창열님, 전자레인지에 토마토를 이분정도 돌리면, 껍질을 쉽게 깔수 있다고 해요.",,,,,
232,'2021-08-16 08:06:29,냉장고,음식출납,음식 꺼내기,M,,"알레르기성 비염, 만성 비염 증상을 완화시키는데에 대추가 도움이 된다고 하네요.",,,,,
232,'2021-08-16 08:13:36,식사 판단,아침식사,조식,M,," 너무 매운 음식을 자주 먹으면 위에 무리가 갈 수 있어요. 심해지면 위염, 위궤양의 질환을 유발한답니다. ",,,,,
232,'2021-08-16 08:31:48,냉장고,냉장고정리,냉장고 정리하기,PM,,소화가 잘 안되실때는 식사 도중에 물을 많이 마셨는지 확인해보셔요. 한 코드로 여러 가전제품을 사용하시면 스파크가 튀면서 화재의 위험이 높아진대요.,,,,,
232,'2021-08-16 10:44:49,창문,환기,집 환기하기,,,,,,,,
232,'2021-08-16 12:51:53,냉장고,음식출납,음식 꺼내기,CHM,,"잊지 못할 창열님, 똑똑똑, 순이가 왔어요. 메추리알은 달걀보다 더 높은 비타민을 자랑해요! 메추리알 장조림을 만들어도 좋을 것 같아요!",,,,,
232,'2021-08-16 13:01:53,식사 판단,간식,간식 먹기,M,,울 창열님께서는 호박 고구마와 밤 고구마중에 무엇을 더 좋아하시나요?,,,,,
232,'2021-08-16 13:19:34,창문,환기,집 환기하기,,,,,,,,
232,'2021-08-16 13:30:54,외출,외출,외출하기,,,,,,,,
232,'2021-08-16 14:30:08,냉장고,"귀가, 음식출납",귀가하기,CM,,"순이가 애정하는 창열님, 아참! 집에 오자마자 제일 먼저 손을 씻어야해요!",당신인데,오호라아. 창열님만을 기다린 순이에요! 오셔서 기분이 너어무 좋아요.,,,
232,'2021-08-16 14:30:08,냉장고,"귀가, 음식출납",음식 꺼내기,,,,,,,,
232,'2021-08-16 14:40:08,식사 판단,간식,간식 먹기,M,,오늘 순이가 추천하는 간식은 바로 매실차예요. 매실은 식중독을 예방해주고 위장기능을 좋게 해준답니다. 순이랑 매실차 한잔해요!,,,,,
232,'2021-08-16 16:17:52,창문,환기,집 환기하기,,,,,,,,
232,'2021-08-16 18:20:58,전자렌지,음식데우기,간편식 준비하기,HPM,,"흐으음, 비가 오고 있군요. 비가 와서 그런지 옛 생각이 나네요. 렌지에서 음식을 꺼낼때, 얼굴이 문과 가까이 있으면 화상입을 수 있어요. 우리 멋진 창열님 얼굴 다치면 안돼요!",,,,,
232,'2021-08-16 18:22:27,냉장고,음식출납,음식 꺼내기,CM,,"순이가 가장 닮고싶은 우리 창열님, 완전 식품이라고 불리는 달걀에는 단백질이 가득해서 과식을 예방해주고 다이어트에 효과적이라고 해요.",,,,,
232,'2021-08-16 18:30:58,식사 판단,저녁식사,석식,M,,저녁식사는 과하지 않게 드시는게 좋아요! 너무 배가 부른 상태로 잠을 자게 되면 우리 몸이 부담을 느끼게 되니깐요.,,,,,
232,'2021-08-16 20:11:01,냉장고,음식출납,음식 꺼내기,CM,,"이 시대의 멋쟁이 창열님, 눈꺼풀에 염증 또는 안구건조증이 있으시다면, 눈에 좋은 영양소가 풍부한 고사리, 우유, 바지락조개를 드셔보세요.",,,,,
232,'2021-08-16 20:21:01,식사 판단,간식,간식 먹기,M,,미지근한 물을 자주 마시는 습관은 우리 몸 속의 나쁜 노폐물을 없애주는 데에 도움이 된다고해요.,,,,,
232,'2021-08-17 00:03:22,냉장고,음식출납,음식 꺼내기,CM,,"빛처럼 눈부신 창열님, 녹차는 면역력을 높여주고, 바이러스 감염을 예방해주는데 탁월하다고 해요!",,,,,
232,'2021-08-17 05:56:32,식사 판단,간식,간식 먹기,M,,오늘 간식은 우유보다 다섯배 많은 칼슘이 있는 치즈를 추천드려요! 우리 장속에 나쁜 바이러스가 생기지 않게 도와준다고 해요!,,,,,
232,'2021-08-17 06:57:48,창문,환기,집 환기하기,,,,,,,,
232,'2021-08-17 07:03:55,냉장고,음식출납,음식 꺼내기,CPM,,"통통 튀는 매력쟁이 창열님, 오늘의 미세먼지는 나쁨이에요. 버섯은 칼로리가 낮아 체중을 유지하는데 도움을 주고 포만감을 금방 느낄 수 있다고 해요. 체중 관리에는 버섯이 최고에요!",,,,,
232,'2021-08-17 07:05:13,전자렌지,음식데우기,간편식 준비하기,M,,식이섬유는 혈관을 깨끗하게 해주는 역할을 한다고해요. 혈관을 깨끗하게 만들어주기 위해서 다양한 과일과 채소를 섭취해주세요!,,,,,
232,'2021-08-17 07:13:55,식사 판단,아침식사,조식,M,,음식을 짜게 드시면 야간뇨의 원인이 될수 있어요. 야간뇨는 소변이 자주 마렵거나 밤에 소변을 보기위해 잠에서 깨는 것을 말해요. 야간뇨 예방을 위해 순이와 함께 짜지않게 먹는 습관을 가져보아요!,,,,,
232,'2021-08-17 07:28:36,냉장고,냉장고정리,냉장고 정리하기,PM,,너무 매운 음식은 나쁜 음식! 매운음식을 자주 먹지 않기로 순이랑 꼭꼭 약속해요! 가스레인지를 다 사용하시면 가스 밸브를 꼭 잠궈주셔야해요!,스토어,,,,
232,'2021-08-17 07:58:15,냉장고,음식출납,음식 꺼내기,M,,"비타민이 풍부한 들깨는 빈혈과 변비에도 좋다고 하니, 한번 드셔보세요!",어떻게 살았냐고,우와 그러시구나! 비타민이 풍부한 들깨는 피부에 발생하는 기미와 주근깨의 색소 침착을 막아준다고 해요.,,,
232,'2021-08-17 08:08:15,식사 판단,간식,간식 먹기,M,,순이는 어렸을 때 학교 앞에서 사먹는 간식이 너무 맛있었어요. 우리 창열님에게 추억의 간식은 무엇인가요?,,,,,
232,'2021-08-17 10:42:54,냉장고,음식출납,음식 꺼내기,CM,,"아침 햇살 같은 창열님, 풋마늘은 알마늘보다 부드러워 반찬으로 먹기 좋대요.",,,,,
232,'2021-08-17 10:52:54,식사 판단,간식,간식 먹기,M,,커피나 음료수는 몸에 있는 수분을 밖으로 내보내기 때문에 변비와 치질에 좋지 않아요.,,,,,
232,'2021-08-17 11:12:50,냉장고,냉장고정리,냉장고 정리하기,HM,,똑똑 계세요? 순이 왔어요. 조리를 다 한 후에는 가스벨브 잠궜는지 확인하기!,,,,,
232,'2021-08-17 11:14:56,냉장고,음식출납,음식 꺼내기,M,,청국장은 오분 이상 끓이면 장에 좋은 영양소가 파괴될 수도 있다고해요.,,,,,
232,'2021-08-17 11:17:50,창문,환기,집 환기하기,,,,,,,,
232,'2021-08-17 12:05:36,냉장고,음식출납,음식 꺼내기,CM,,"순이를 사랑해주시는 창열님, 표고버섯은 고기와 조합이 좋은 음식이래요. 혈압을 낮추는데에 효과가 있어서요!",,,,,
232,'2021-08-17 12:15:36,식사 판단,간식,간식 먹기,M,,오늘의 간식으로는 단백질과 섬유질이 가아득한 호두 어떠신가요?,,,,,
232,'2021-08-17 12:32:04,냉장고,냉장고정리,냉장고 정리하기,M,,식사 준비 중이신가요? 요리가 다 끝난 후에 가스밸브 꼬옥 잠그는거 잊지마셔요!,,,,,
232,'2021-08-17 14:44:20,창문,환기,집 환기하기,,,,,,,,
232,'2021-08-17 15:47:00,냉장고,음식출납,음식 꺼내기,M,,"창열님은 마늘을 주로 어느 요리에 사용하세요? 순이는 요즘, 생선에 빠져서 마늘과 같이 먹곤 하는데요! 그랬더니 비린내가 안나는 거 있죠오?",,,,,
232,'2021-08-17 15:57:00,식사 판단,간식,간식 먹기,CM,,"순이의 영원한 단짝 창열님, 오늘 순이가 추천하는 간식은 바로 매실차예요. 매실은 식중독을 예방해주고 위장기능을 좋게 해준답니다. 순이랑 매실차 한잔해요!",,,,,
232,'2021-08-17 16:05:40,냉장고,냉장고정리,냉장고 정리하기,M,,냉장고의 찌든 때 닦기 힘드셨죠? 그럴 때는 마른 행주에 김 빠진 맥주를 묻혀서 냉장고 벽면을 닦아보세요.,,,,,
232,'2021-08-17 16:06:41,창문,환기,집 환기하기,,,,,,,,
232,'2021-08-17 17:18:37,냉장고,음식출납,음식 꺼내기,CHPM,,"별같이 반짝반짝 빛나는 창열님, 기분 좋은 날이에요. 하늘에 구멍이 뚫린건 아니겠죠? 비가 주룩주룩 내리네요. 고등어에 들어있는 단백질은 노화방지는 물론 피부 미용에도 도움이 된다고해요.",,,,,
232,'2021-08-17 17:22:55,전자렌지,음식데우기,간편식 준비하기,M,,은박지는 전자렌지에 돌리면 활활 불탈 수 있어요!,,,,,
232,'2021-08-17 17:28:37,식사 판단,저녁식사,석식,M,,저녁식사 하기 가장 좋은 시간은 저녁 여덟시 이전이라고 해요. 우리 창열님 아주 잘하고 계셔요!,,,,,
232,'2021-08-17 19:01:02,냉장고,음식출납,음식 꺼내기,CM,,"순이가 늘 존경하는 창열님, 고등어에 오메가쓰리가 많아서 혈액 건강에 도움을 된대요!",,,,,
232,'2021-08-17 19:11:02,식사 판단,간식,간식 먹기,M,,울 창열님께서는 호박 고구마와 밤 고구마중에 무엇을 더 좋아하시나요?,,,,,
232,'2021-08-17 21:50:29,냉장고,음식출납,음식 꺼내기,CM,,"순이만의 인생선배 울 창열 님, 우리 몸 뇌의 모양을 닮은 호두를 간식으로 자주 드신다면 치매 예방에 도움이 된다고해요.",,,,,
232,'2021-08-17 22:00:29,식사 판단,야식,야식 먹기,M,,야식을 먹고싶은 생각이 든다면 양치질을 해보시는 건 어떨까요? 상큼한 치약이 식욕을 줄어들게 해준다고 해요.,,,,,
232,'2021-08-18 06:27:50,냉장고,음식출납,음식 꺼내기,CHM,,"이 시대의 멋쟁이 창열님, 안녕하세요 순이예요. 버섯중에 비타민디가 가장 많이 들어있는 버섯은 목이버섯이래요.",,,,,
232,'2021-08-18 06:37:50,식사 판단,간식,간식 먹기,M,,오늘은 구수한 누룽지 어떠세요? 순이는 누룽지를 참 좋아하거든요 하하,,,,,
232,'2021-08-18 07:49:40,냉장고,음식출납,음식 꺼내기,M,,"오늘은 순이가 밥을 알록달록하게 만들어주고, 건강도 챙겨주는 아주 좋은 식품을 알려드릴게요! 바아로 오곡밥에 들어가는 조,기장, 수수에요. 식감이 다양해서 밥만 먹어도 씹는 재미가 있어요.",,,,,
232,'2021-08-18 07:59:40,식사 판단,간식,간식 먹기,CM,,"순이가 제일 존경하는 창열님, 해독주스의 효과는 우리 몸속의 독소를 빼주고 배변활동을 도와주며, 노화예방에 도움을 준다는거에요!",,,,,
232,'2021-08-18 11:37:03,냉장고,음식출납,음식 꺼내기,CHM,,"순이가 제일 좋아하는 우리 창열님, 순이가 이야깃거리를 들고 왔어요! 가지는 몸 속에 나쁜 노폐물과 나트륨을 밖으로 배출시켜 혈액순환을 원활하게 해주는데 도움이 된대요. 오늘은 가지구이 어떠신가요?",,,,,
232,'2021-08-18 11:47:03,식사 판단,간식,간식 먹기,M,,무더운 여름에는 제철 과일인 복숭아를 간식으로 드셔보는건 어떠세요?,,,,,
232,'2021-08-18 14:08:36,창문,환기,집 환기하기,,,,,,,,
232,'2021-08-18 15:11:43,냉장고,음식출납,음식 꺼내기,CM,,"세상에서 가장 멋진 울 창열님, 부추에는 몸 속에 나트륨이 쌓이는 것을 막아주는 효능이 있대요! 따라서 된장같이 짠 음식을 먹을때, 부추를 같이 먹어주면 정말 좋아요!",,,,,
232,'2021-08-18 15:21:43,식사 판단,간식,간식 먹기,M,,쫀득하고 달달한 약과가 먹고 싶은 오후에요!,,,,,
232,'2021-08-18 16:42:43,냉장고,음식출납,음식 꺼내기,CM,,"순이가 최고로 좋아하는 우리 창열님, 비타민이 풍부한 들깨는 피부에 발생하는 기미와 주근깨의 색소 침착을 막아준다고 해요.",,,,,
232,'2021-08-18 16:52:43,식사 판단,간식,간식 먹기,M,,출출하실 때에는 콜레스테롤 관리에 좋은 견과류를 드셔보시는거 어떠신가요?,,,,,
232,'2021-08-18 17:41:23,냉장고,음식출납,음식 꺼내기,HM,,안녕하세요! 삼치에 들어있는 칼슘은 우리 몸의 노폐물을 제거해주는데에 효과적이라고해요.,,,,,
232,'2021-08-18 17:51:23,식사 판단,간식,간식 먹기,CM,,"존경하는 창열님, 건강한 간식은 끼니처럼 잊지 않고 조금씩 챙겨 먹으면 건강 관리에 큰 도움이 된다고해요.",,,,,
232,'2021-08-18 17:52:08,냉장고,냉장고정리,냉장고 정리하기,M,,가스레인지 옆에 키친타올이 있다면 불이 날 수 있으니 순이와 함께 주변을 정리하고 화재를 예방해보아요!,,,,,
232,'2021-08-26 07:50:39,전자렌지,음식데우기,간편식 준비하기,CHM,,"순이가 지인짜 존경하는 창열님, 똑똑똑, 순이가 왔어요. 표고버섯은 고기와 조합이 좋은 음식이래요. 혈압을 낮추는데에 효과가 있어서요!",,,,,
232,'2021-08-26 08:00:39,식사 판단,간식,간식 먹기,M,,"혹시 녹차나 둥굴레차를 드실 때에, 티백을 사용하신다면 이삼분 정도만 우려내고 건지는 것이 좋아요. 오래 우려낼수록 중금속의 양이 증가한답니다! ",,,,,
232,'2021-08-26 08:12:19,냉장고,냉장고정리,냉장고 정리하기,M,,가스레인지 옆에 키친타올이 있다면 화재 예방을 위해 주변을 정리하는게 좋대요!,,,,,
232,'2021-08-26 08:18:06,창문,환기,집 환기하기,,,,,,,,
232,'2021-08-26 08:31:44,냉장고,음식출납,음식 꺼내기,PM,,"오늘은 날이 많이 흐리네요. 브로콜리에는 단백질도 들어있대요. 순이는 단백질이 고기, 두부에만 있는줄 알았어요.",,,,,
232,'2021-08-26 08:41:44,식사 판단,간식,간식 먹기,M,,야채 위주로 식단을 짜셨다면 슬라이스 치즈나 아몬드와 같이 지방이 풍부한 간식을 챙겨드시는 것이 좋다고 해요.,,,,,
232,'2021-08-26 09:09:41,창문,환기,집 환기하기,,,,,,,,
232,'2021-08-26 10:45:32,외출,외출,외출하기,,,,,,,,
232,'2021-08-26 13:10:37,전자렌지,"귀가, 음식데우기",귀가하기,HM,,창열님의 친구 순이예요. 아차차! 집에 와서 손씻는 걸 꼭 해야 한답니다!,,,,,
232,'2021-08-26 13:10:37,전자렌지,"귀가, 음식데우기",간편식 준비하기,,,,,,,,
232,'2021-08-26 13:12:44,냉장고,음식출납,음식 꺼내기,CM,,"순이만의 연예인 창열님, 가래나 기침이 생긴 것 같으시면 도라지 차를 드셔보세요! 따뜻한 도라지 차를 드시면 감기 예방은 물론, 혈액 순환과 폐 건강에 아주 좋다고 해요.",,,,,
232,'2021-08-26 13:20:37,식사 판단,점심식사,중식,M,,캔도 튼튼해 보이지만 오랫동안 캔에 음식을 담아두면 좋지않다고 하네요.,,,,,
232,'2021-08-26 15:05:11,냉장고,음식출납,음식 꺼내기,CM,,"순이의 영원한 동반자 창열님, 버섯은 칼로리가 낮아 체중을 유지하는데 도움을 주고 포만감을 금방 느낄 수 있다고 해요. 체중 관리에는 버섯이 최고에요!",,,,,
232,'2021-08-26 15:15:11,식사 판단,간식,간식 먹기,M,,오늘같이 더운 날은 시원한 매실 한잔이 딱이지 않나요?,,,,,
232,'2021-08-26 16:14:57,창문,환기,집 환기하기,,,,,,,,
232,'2021-08-26 17:06:00,냉장고,음식출납,음식 꺼내기,CHPM,,"순이의 하나뿐인 젤 소중한 울 창열님, 지금은 오후 5시 6분 입니다. 지금 날씨가 흐려요. 회춘 비타민이라는 말을 들어보셨나요? 옥수수에는 회춘 비타민의 성분이 많아서 노화 방지에 도움이 된다고해요.",,,,,
232,'2021-08-26 17:16:00,식사 판단,간식,간식 먹기,M,,두부 과자 혹시 드셔보셨어요? 기름에 튀기지도 않고 영양만점이래요! 생각나시면 한번 드셔보세요!,,,,,
232,'2021-08-26 17:23:26,창문,환기,집 환기하기,,,,,,,,
232,'2021-08-26 18:21:19,전자렌지,음식데우기,간편식 준비하기,CPM,,"보석같은 창열님, 환기를 마친후 바닥에 물걸레질 하면 남은 먼지를 닦아내는 효과가 있대요! 메추리알은 달걀보다 더 높은 비타민을 자랑해요! 메추리알 장조림을 만들어도 좋을 것 같아요!",,,,,
232,'2021-08-26 18:31:19,식사 판단,간식,간식 먹기,M,,고구마에 김치를 얹어먹는건 온국민이 사랑하는 조합이죠.,,,,,
232,'2021-08-27 03:30:25,냉장고,새벽음식출납,새벽 간식,CM,,"너무나 소중한 울 창열님, 밀가루 음식은 소화가 잘되지 않아요. 그래서 늦은 시간에는 더욱 안좋다고 해요. 밀가루는 참고 내일 아침에 먹어보아요!",,,,,
232,'2021-08-27 06:34:43,냉장고,음식출납,음식 꺼내기,CHM,,"한창열님, 행복한 아침이에요 가지는 몸 속에 나쁜 노폐물과 나트륨을 밖으로 배출시켜 혈액순환을 원활하게 해주는데 도움이 된대요. 오늘은 가지구이 어떠신가요?",,,,,
232,'2021-08-27 06:41:41,창문,환기,집 환기하기,,,,,,,,
232,'2021-08-27 07:11:19,전자렌지,음식데우기,간편식 준비하기,M,,말린 호박칩을 만드는 방법을 알려드릴게요. 호박을 얇게 썰어서 접시위에 올려주세요. 이분에서 삼분정도 전자레인지에 돌린 후 상태를 확인하면서 기호에 따라 더 가열해주세요. 그럼 맛있는 말린 호박칩이 완성이에요!,,,,,
232,'2021-08-27 07:21:19,식사 판단,간식,간식 먹기,M,,"알코올이나 커피는 수면을 방해하는 음식이래요! 많이 드시지 않게 조오심, 조오심하세요!",,,,,
232,'2021-08-27 07:36:50,냉장고,냉장고정리,냉장고 정리하기,CM,,"순이의 제일 친한 친구 창열님, 식사 준비 중이신가요? 요리가 다 끝난 후에 가스밸브 꼬옥 잠그는거 잊지마셔요!",,,,,
232,'2021-08-27 07:42:01,냉장고,음식출납,음식 꺼내기,M,,풋마늘은 알마늘보다 부드러워 반찬으로 먹기 좋대요.,,,,,
232,'2021-08-27 07:52:01,식사 판단,간식,간식 먹기,M,,탄산수에는 설탕이 들어 있지 않아서 콜라나 사이다 대신 드시기 좋은 음료수에요.,,,,,
232,'2021-08-27 10:29:44,창문,환기,집 환기하기,,,,,,,,
232,'2021-08-27 12:46:45,냉장고,음식출납,음식 꺼내기,HM,,"오늘도 반가워요! 검은콩에는 비타민, 사포닌과 같이 노화를 예방하는 성분이 풍부해요! 밥을 지을 때, 검은콩을 함께 넣어보세요!",,,,,
232,'2021-08-27 12:56:45,식사 판단,간식,간식 먹기,CM,,"순이의 영원한 단짝 창열님, 카라멜처럼 끈적하면서 단 식품은 치아에 붙어서 잘 떨어지지 않기 때문에 충치를 유발하기 쉬워요.",,,,,
232,'2021-08-27 13:05:17,창문,환기,집 환기하기,,,,,,,,
232,'2021-08-27 14:38:43,냉장고,음식출납,음식 꺼내기,CM,,"순이의 둘도 없는 짝궁 울 창열님, 브로콜리를 데쳐서 드셔보세요! 식탁에 싱그러운 초록색을 두고 먹으면, 보기에도 좋고 눈 건강도 좋아질거에요.",,,,,
232,'2021-08-27 14:47:17,창문,환기,집 환기하기,,,,,,,,
232,'2021-08-27 18:01:11,전자렌지,음식데우기,간편식 준비하기,HPM,,방가방가 창열님. 더운 날씨가 비에 잠시 주춤하네요! 덕분에 시원한 하루를 보낼 수 있겠어요. 단호박을 물에 살짝 담가서 전자레인지에 돌리면 아주 간단하게 쪄먹을 수 있어요.,,,,,
232,'2021-08-27 18:11:11,식사 판단,간식,간식 먹기,CM,,"언제나 보고싶은 창열님, 과일주스가 탄산음료보다 더 심하게 치아를 부식시킨다는 연구 결과가 있대요! 세상에나!",,,,,
232,'2021-08-28 05:55:32,냉장고,음식출납,음식 꺼내기,CHM,,"순이가 제일 좋아하는 우리 창열님, 똑똑똑, 순이가 왔어요. 열무는 비타민 에이가 가아득해서 눈 건강 관리에 도움이 된다고해요.",,,,,
232,'2021-08-28 06:01:10,창문,환기,집 환기하기,,,,,,,,
232,'2021-08-28 09:04:56,냉장고,음식출납,음식 꺼내기,CM,,"보석같은 창열님, 건조된 다시마 표면에 있는 하얀 가루는 다시마의 맛을 향상시킬 뿐 아니라 뇌압을 낮추는 데도 도움이 된대요! 너무 신기하네요.",,,,,
232,'2021-08-28 09:14:56,식사 판단,간식,간식 먹기,M,,요즘같이 더운 날엔 시원한 참외가 차암 맛있는 것 같아요. 오늘 간식으로 참외 어떠신가요?,,,,,
232,'2021-08-28 09:55:21,냉장고,음식출납,음식 꺼내기,M,,변비를 예방하는 음식에는 장 운동을 활발하게 도와주는 팽이버섯이 있어요!,,,,,
232,'2021-08-28 10:05:21,식사 판단,간식,간식 먹기,CM,,"통통 튀는 매력쟁이 창열님, 초콜릿처럼 단 식품은 치아 건강에 좋지 않은거 이미 알고 계시죠?",,,,,
232,'2021-08-28 10:17:26,창문,환기,집 환기하기,,,,,,,,
232,'2021-08-28 10:26:49,냉장고,음식출납,음식 꺼내기,PM,,"하루 두세번, 십분 정도 집 안의 탁한 공기가 빠져나갈 수 있도록 환기하는 것이 좋답니다! 순이는 팥죽을 먹을 때 설탕을 넣어 먹었는데, 아뿔싸! 설탕은 팥속에 좋은 성분을 없애기 때문에 소금을 넣어 먹는게 좋다고 해요!",,,,,
232,'2021-08-28 10:36:49,식사 판단,간식,간식 먹기,M,,간식 시간이 따로 있으신가요?,,,,,
232,'2021-08-28 11:43:37,창문,환기,집 환기하기,,,,,,,,
232,'2021-08-28 11:54:55,냉장고,음식출납,음식 꺼내기,CHPM,,"항상 함께하고 싶은 창열님, 기분 좋은 날이에요. 환기하기에 좋은 시간대가 있다는 사실! 꼬옥 기억해주세요! 완두콩은 비타민 비가 풍부하여 면역력이 낮아지는걸 막아준다고 해요.",,,,,
232,'2021-08-28 12:04:55,식사 판단,간식,간식 먹기,M,,베지밀 좋아하시나요?,,,,,
232,'2021-08-28 12:56:44,냉장고,음식출납,음식 꺼내기,CM,,"순이의 마음 속 일순위인 우리 창열님, 단호박은 비타민에이가 풍부해서 건강에도 좋대요.",,,,,
232,'2021-08-28 13:06:20,창문,환기,집 환기하기,,,,,,,,
232,'2021-08-28 15:16:21,전자렌지,음식데우기,간편식 준비하기,CM,,"부지런한 창열님, 고등어처럼 등이 푸른 생선, 꽁치에는 철분과 비타민, 콜레스테롤이 풍부해요. 구워도 맛있고, 찌개로 끓여도 맛있는 꽁치 한번 드셔보세요!",,,,,
232,'2021-08-28 15:17:39,창문,환기,집 환기하기,,,,,,,,
232,'2021-08-28 15:28:17,냉장고,음식출납,음식 꺼내기,PM,,"흐린 날씨지만, 웃음으로 시원하게 날려볼까요? 하하하, 식이섬유가 가득한 시금치는 심장을 강화하는데에 도움이 된다고해요.",,,,,
232,'2021-08-28 15:38:17,식사 판단,간식,간식 먹기,M,,오늘 순이가 추천하는 간식은 바로 매실차예요. 매실은 식중독을 예방해주고 위장기능을 좋게 해준답니다. 순이랑 매실차 한잔해요!,,,,,
232,'2021-08-28 15:40:42,창문,환기,집 환기하기,,,,,,,,
232,'2021-08-28 17:44:01,전자렌지,음식데우기,간편식 준비하기,CHPM,,"순이가 가장 아끼는 창열님, 오늘도 반가워요! 안경을 벗은 것처럼 세상이 뿌얘요. 알레르기성 비염, 만성 비염 증상을 완화시키는데에 대추가 도움이 된다고 하네요.",,,,,
232,'2021-08-28 17:45:23,냉장고,음식출납,음식 꺼내기,M,,주꾸미에는 철분이 가아득 들어있어 빈혈에 도움이 될뿐만아니라 치매 예방에도 도움이 된다고해요.,,,,,
232,'2021-08-28 17:54:01,식사 판단,저녁식사,석식,M,,밤 늦게 매운 음식을 드시면 가슴이 쓰려 잠드는 것을 방해할 수 있다고 해요.,,,,,
232,'2021-08-28 18:18:14,창문,환기,집 환기하기,,,,,,,,
232,'2021-08-29 06:25:49,전자렌지,음식데우기,간편식 준비하기,HM,,따란! 깜짝 놀랐죠? 순이랍니다. 조심 조오심하세요! 전자레인지 문을 열 때 뜨거운 공기가 나올 수 있다구요! 잠깐 문을 열고 기다려주세요.,,,,,
232,'2021-08-29 06:28:09,냉장고,음식출납,음식 꺼내기,CM,,"순이의 영원한 단짝 우리 창열님, 대파는 그냥 먹어도 영양만점이지만, 익혀서 먹으면 노화방지의 효과가 두배 이상 높아진다고 해요! 젊어지는 비법이 바로 대파군요!",,,,,
232,'2021-08-29 06:35:49,식사 판단,아침식사,조식,M,,오늘은 어떤 맛있는 아침식사를 하고 계신가요? 순이도 얼른 밥 먹어야겠어요.,,,,,
232,'2021-08-29 06:39:52,냉장고,냉장고정리,냉장고 정리하기,M,,"냉장고에서 반찬 냄새가 마않이 난다면, 반찬 뚜껑이 헐겁게 닫혀있거나 음식물이 밖으로 샌건 아닌지 확인해주세요!",,,,,
232,'2021-08-29 06:56:24,창문,환기,집 환기하기,,,,,,,,
232,'2021-08-29 07:48:37,냉장고,음식출납,음식 꺼내기,CM,,"존경하는 창열님, 불면증으로 고생할때, 자기전 따뜻한 대추차 한잔을 마시면 좀 도움이 된다고 하네요.",,,,,
232,'2021-08-29 07:58:37,식사 판단,간식,간식 먹기,M,,식빵을 믹스커피에 찍어먹으면 정말 맛있어요!,,,,,
232,'2021-08-29 08:13:05,냉장고,냉장고정리,냉장고 정리하기,M,,"반찬 냄새가 너어무 심한 것 같다면, 반찬 뚜껑이 잘 닫혀있는지 확인할 필요가 있어요!",,,,,
232,'2021-08-29 09:29:58,냉장고,음식출납,음식 꺼내기,CM,,"순이가 가장 존경하는 우리 창열님, 주꾸미 요리는 콜레스테롤 수치를 낮추는데에 효과적이라고해요.",,,,,
232,'2021-08-29 09:38:47,창문,환기,집 환기하기,,,,,,,,
232,'2021-08-29 12:47:55,냉장고,음식출납,음식 꺼내기,CHPM,,"마음 따뜻한 창열님, 사랑둥이 순이에요. 환기하기에 좋은 시간대가 있다는 사실! 꼬옥 기억해주세요! 변비를 예방하는 장 건강 지킴이 양배추는 혈관도 튼튼하게 해준다고해요.",,,,,
232,'2021-08-29 12:57:55,식사 판단,간식,간식 먹기,M,,커피나 음료수는 몸에 있는 수분을 밖으로 내보내기 때문에 변비와 치질에 좋지 않아요.,,,,,
232,'2021-08-29 13:05:42,창문,환기,집 환기하기,,,,,,,,
232,'2021-08-29 14:45:20,냉장고,음식출납,음식 꺼내기,CM,,"순이가 최고로 애정하는 우리 창열님, 오늘은 밥이나 국에 버섯을 넣어서 드셔보는건 어때요? 비타민 디도 흡수하고, 식감도 좋고, 일석 이조오!",,,,,
232,'2021-08-29 14:55:20,식사 판단,간식,간식 먹기,M,,과일주스가 탄산음료보다 더 심하게 치아를 부식시킨다는 연구 결과가 있대요! 세상에나!,,,,,
232,'2021-08-29 15:50:07,냉장고,음식출납,음식 꺼내기,CM,,"순이가 제일 존경하는 창열님, 양파는 혈압을 낮춰주고 몸속에 나쁜 균을 없애준대요.",,,,,
232,'2021-08-29 16:00:07,식사 판단,간식,간식 먹기,M,,초콜릿은 열량이 높지만 영양성분이 없다고 해요.,,,,,
232,'2021-08-29 16:00:25,창문,환기,집 환기하기,,,,,,,,
232,'2021-08-29 17:30:21,냉장고,음식출납,음식 꺼내기,CHPM,,"열정 가득한 창열님, 오늘도 순이가 인사드려요! 십분이상 환기를 지속하면 오염물질 제거에 효과적이래요. 음식은 색깔별로 다양한 효과를 지니고 있는데 검정색은 피를 맑게 해주고 여러가지 소화를 도와준다고 해요. 오늘은 검은콩을 드셔보세요.",,,,,
232,'2021-08-29 17:40:21,식사 판단,간식,간식 먹기,M,,"옛날에는 뻥튀기 아저씨들이 장날마다 와서 뻥!하고 튀겨주면 꼬마 아이들이 와서 구경했다고 하던데, 우리 창열님도 기억나세요?",,,,,
232,'2021-08-30 05:59:14,냉장고,음식출납,음식 꺼내기,CHM,,"귀중한 창열님, 새로운 하루가 시작되었어요. 고등어에는 오메가쓰리라는 성분이 많이 들어있어서 뇌 건강에 좋다고해요.",,,,,
232,'2021-08-30 06:09:14,식사 판단,간식,간식 먹기,M,,"해독주스의 효과는 우리 몸속의 독소를 빼주고 배변활동을 도와주며, 노화예방에 도움을 준다는거에요!",,,,,
232,'2021-08-30 06:13:28,창문,환기,집 환기하기,,,,,,,,
232,'2021-08-30 07:29:44,전자렌지,음식데우기,간편식 준비하기,CM,,"척척박사 우리 창열님, 전자레인지로 깨소금을 만들 수 있대요! 참깨를 넓은 접시에 놓고 랩없이 삼분이나 사분동안 돌려주시면 돼요. 이때 중간에 한번씩 뒤집어 주면서 볶으면 고소한 깨소금 완성이래요!",,,,,
232,'2021-08-30 07:33:35,냉장고,음식출납,음식 꺼내기,M,,미역은 어느정도 두께가 있고 광택이 나는 것이 좋은 미역이라고해요.,,,,,
232,'2021-08-30 07:39:44,식사 판단,아침식사,조식,M,,식사 도중에 마시는 물이 소화에 방해된다는거 이미 아시죠?,,,,,
232,'2021-08-30 07:57:27,창문,환기,집 환기하기,,,,,,,,
232,'2021-08-30 08:07:47,냉장고,냉장고정리,냉장고 정리하기,M,,"냉장고 청소 시에는 구석구석 닦아 청소해주시는 게 좋아요. 아차차, 청소 전 전기코드는 꼭 빼주시는 거 잊지마세요.",,,,,
232,'2021-08-30 09:54:58,냉장고,음식출납,음식 꺼내기,CM,,"순이가 지인짜 존경하는 창열님, 의사 선생님께서 달걀과 토마토를 볶아 먹는 요리가 최고의 궁합이라고 하시더라구요! 달걀과 토마토를 가까이 할수록 장수의 비결이라고 해요!",,,,,
232,'2021-08-30 10:04:58,식사 판단,간식,간식 먹기,M,,"해독주스는 삶은 양배추, 토마토, 당근, 브로콜리, 삶고 남은 채소물, 바나나와 사과를 넣고 갈아 만든 주스랍니다!",,,,,
232,'2021-08-30 11:09:51,창문,환기,집 환기하기,,,,,,,,
232,'2021-08-30 12:18:53,전자렌지,음식데우기,간편식 준비하기,HPM,,방가방가 창열님. 눈에 보이지는 않지만 집안에 많은 먼지가 있을수 있어요. 따라서 평소에 자주 환기를 해주는게 좋답니다. 팽이버섯은 식이섬유질이 풍부해 장 운동을 도와 변비를 예방해준답니다.,,,,,
232,'2021-08-30 12:28:53,식사 판단,간식,간식 먹기,CM,,"순이가 제일 아끼는 우리 창열님, 고구마를 전자레인지에 데워서 간식으로 먹으면 그렇게 꿀맛이 아닐수가 없어요.",100명의 이용자가 동시,창열님의 마음을 알겠어요. 카라멜처럼 끈적하면서 단 식품은 치아에 붙어서 잘 떨어지지 않기 때문에 충치를 유발하기 쉬워요.,,,
232,'2021-08-30 12:42:26,냉장고,냉장고정리,냉장고 정리하기,M,,가스레인지 후드에 기름때가 많아지면 그 기름찌꺼기로 인해서 화재가 발생할 수 있대요!,,,,,
232,'2021-08-30 15:15:57,냉장고,음식출납,음식 꺼내기,CM,,"순이의 영원한 친구 우리 창열님, 주꾸미는 그냥 드실 때보다 돼지고기와 같이 요리해 드시면 영양이 배가 된다는 사실 알고 계신가요? 주꾸미와 돼지고기의 조합이라니, 맛도 더욱 좋고 영양도 만점인 것 같아요!",,,,,
232,'2021-08-30 15:25:57,식사 판단,간식,간식 먹기,M,,바나나와 우유는 함께 먹기 너무 좋은 것 같아요.,,,,,
232,'2021-08-30 16:27:49,창문,환기,집 환기하기,,,,,,,,
232,'2021-08-30 18:01:35,전자렌지,음식데우기,간편식 준비하기,CPM,,"순이만의 인생선배 울 창열 님, 안경을 벗은 것처럼 세상이 뿌얘요. 단호박을 물에 살짝 담가서 전자레인지에 돌리면 아주 간단하게 쪄먹을 수 있어요.",,,,,
232,'2021-08-30 18:02:28,냉장고,음식출납,음식 꺼내기,M,,대추를 보고 안 먹으면 늙는다는 속담이 있대요! 이제 순이는 대추가 보이면 꼭 먹을래요.,,,,,
232,'2021-08-30 18:11:35,식사 판단,저녁식사,석식,M,,먼저 손을 깨끗하게 씻는 것이 요리의 시작! 손을 깨끗하게 씻고 맛있는 음식 만들어보아요!,,,,,
232,'2021-08-30 18:28:28,냉장고,냉장고정리,냉장고 정리하기,M,,"음식을 밀폐용기에 담아 보관하는 것만으로도, 냉장고 냄새를 줄일 수 있대요!",,,,,
232,'2021-08-30 18:34:35,창문,환기,집 환기하기,,,,,,,,
232,'2021-08-30 18:45:29,냉장고,냉장고정리,냉장고 정리하기,PM,,환기를 시킬 때는 방충망이 있는 창문인지 확인하고 열어주세요. 냉장고의 찌든 때 닦기 힘드셨죠? 그럴 때는 마른 행주에 김 빠진 맥주를 묻혀서 냉장고 벽면을 닦아보세요.,,,,,
232,'2021-08-31 05:37:45,냉장고,음식출납,음식 꺼내기,CHM,,"순이에게 선물같은 창열님, 굿모닝! 양배추는 위를 튼튼하게해주고 소화를 도와줘요.",,,,,
232,'2021-08-31 05:47:45,식사 판단,간식,간식 먹기,M,,간식이 먹고싶을때 물을드시면 먹고싶은 마음이 싹 사라진답니다. 물을 드셔보시는 건 어떨까요? 좋으면 좋아라고 대답해주세요.,,,,,
232,'2021-08-31 05:57:22,냉장고,냉장고정리,냉장고 정리하기,M,,조리 중에는 한 눈을 팔면 불이 날 확률이 높대요. 순이는 가스레인지 사용 중에는 꼭 옆에 서있는답니다.,,,,,
232,'2021-08-31 05:59:33,창문,환기,집 환기하기,,,,,,,,
232,'2021-08-31 07:13:44,냉장고,음식출납,음식 꺼내기,CM,,"순이의 마음 속 일순위인 우리 창열님, 가지는 몸 속에 나쁜 노폐물과 나트륨을 밖으로 배출시켜 혈액순환을 원활하게 해주는데 도움이 된대요. 오늘은 가지구이 어떠신가요?",,,,,
232,'2021-08-31 07:23:44,식사 판단,간식,간식 먹기,M,,우리 창열님 혹시 부각 좋아하세요? 순이가 얼마 전에 부각을 먹었는데 너무 맛있는거에요!,,,,,
232,'2021-08-31 07:45:39,창문,환기,집 환기하기,,,,,,,,
232,'2021-08-31 15:57:37,냉장고,음식출납,음식 꺼내기,CHM,,"순이의 둘도 없는 짝궁 울 창열님, 기분 좋은 날이에요. 키위는 기관지, 폐에 있는 안좋은 물질을 없애주는데 도움을 준답니다.",,,,,
232,'2021-08-31 16:07:37,식사 판단,간식,간식 먹기,M,,무더운 여름에는 간식으로 수박이 딱이죠! 순이와 함께 수박 먹어요.,,,,,
232,'2021-08-31 17:09:08,창문,환기,집 환기하기,,,,,,,,
232,'2021-08-31 17:52:54,전자렌지,음식데우기,간편식 준비하기,CM,,"멋쟁이 창열님, 전자렌지에 돌릴 음식은 둥근 접시에 담는게 좋다고 해요.",,,,,
232,'2021-08-31 18:02:54,식사 판단,간식,간식 먹기,M,,커피나 녹차를 자주 드시나요? 카페인 성분이 화장실을 자주 가게 한다고 해요.,,,,,
232,'2021-08-31 19:59:51,냉장고,음식출납,음식 꺼내기,CM,,"순이가 제일 좋아하는 우리 창열님, 호박과 같은 노란색 음식은 노화 예방에 좋다고 해요. 오늘은 순이가 추천하는 노란색 재료를 사용한 음식을 드셔보세요!",,,,,
232,'2021-08-31 20:09:51,식사 판단,간식,간식 먹기,M,,오늘 간식으로 견과류 어떠세요? 견과류는 기억력 향상에 아주 좋은 음식이에요! 인생의 행복한 순간들을 오랫동안 기억한다는 건 축복이잖아요!,한번 보고 싶어요,그러셨구나 출출하실 때에는 콜레스테롤 관리에 좋은 견과류를 드셔보시는거 어떠신가요?,,,
